letter 1,letter 2,ms
3,8,3676
10,3,2154
2,9,3607
25,10,2440
2,22,4054
25,2,261
16,26,2965
22,14,3717
11,25,2954
18,5,1145
22,6,2312
18,16,1843
23,1,4157
17,2,1014
25,10,4760
24,1,1820
10,10,4080
18,8,1454
12,7,4932
20,26,2583
20,9,1492
24,8,1189
2,11,55
22,26,4932
22,23,3773
22,17,3561
5,24,2592
23,5,2027
26,25,3226
15,4,92
10,23,2433
10,12,3521
26,15,3729
26,7,3586
3,7,3002
2,7,4383
19,14,2697
18,7,3676
3,11,1832
17,9,3231
10,11,632
12,3,1406
14,15,2702
17,10,3348
4,22,2035
24,15,4800
5,20,4828
13,13,2173
1,19,2069
19,25,1368
5,16,1836
13,24,432
12,9,2829
21,19,855
17,21,2288
6,4,2529
9,17,108
4,10,3990
21,9,3579
18,17,1228
1,13,174
13,1,3965
20,11,283
20,20,883
26,24,1947
23,10,424
2,3,3682
25,6,678
19,8,1426
23,25,3833
25,18,2451
1,15,2245
10,15,2139
4,21,927
24,14,61
5,1,479
4,4,1205
2,13,1232
3,8,137
22,16,4035
6,1,4554
17,19,1737
15,23,1402
18,1,4518
11,8,4264
14,16,4124
13,14,4347
22,14,2957
2,25,4059
10,16,3865
8,24,2593
16,22,2646
14,10,4170
14,10,2107
13,23,1254
2,13,2551
22,3,906
13,7,155
22,6,3142
24,19,4854
16,10,1187
17,18,3576
16,13,4724
14,14,4164
24,13,1262
19,19,4993
23,16,1063
21,26,3935
12,19,4383
9,6,903
25,3,4789
1,3,4870
10,18,1810
15,22,721
12,13,2423
14,13,2717
22,7,2819
2,24,1762
23,24,3146
26,7,2007
19,2,4970
11,22,1312
23,7,2950
8,12,1134
6,8,1838
19,4,2215
24,6,2958
23,1,1682
24,15,3520
17,19,3996
4,2,1242
8,23,1001
7,8,480
14,20,935
15,13,3923
26,24,411
26,10,4054
11,3,2901
2,26,3754
18,1,838
20,4,3868
17,23,4567
18,9,2188
17,24,4444
15,14,2200
5,7,4984
8,22,2608
17,3,1130
1,26,37
4,23,413
5,4,2219
6,17,839
7,6,903
12,26,1699
26,15,2217
5,1,4896
19,23,2954
12,13,866
16,20,1084
11,23,555
23,4,4060
6,11,2423
5,22,3006
19,23,417
3,5,590
6,10,4827
25,15,3438
7,18,2249
11,9,3763
13,8,3265
10,12,2599
21,7,2343
17,7,3475
11,26,1061
15,18,1061
26,3,798
15,9,3698
7,10,4727
8,23,1624
17,17,2450
15,2,2229
6,3,1531
21,12,2998
13,9,3011
15,21,373
17,25,1675
13,12,3461
13,20,3326
18,12,692
21,1,3430
16,22,3231
9,11,907
18,2,426
5,23,1046
11,8,3605
18,24,3162
18,12,2432
15,3,3629
14,4,3657
21,23,737
7,1,384
24,4,4890
6,18,325
25,6,2531
23,11,1012
4,5,803
10,3,1438
20,24,938
15,16,3424
7,20,1276
23,26,2961
13,16,2373
13,25,4470
9,5,1160
17,23,1996
26,18,2744
9,8,2608
1,11,3676
3,4,1095
3,5,2265
22,24,1605
6,14,3833
16,20,3285
15,16,3874
25,13,2844
16,7,4151
2,25,2912
10,18,4692
12,15,1716
13,6,1044
14,24,1142
25,19,3446
8,4,2405
14,23,2180
3,8,2653
6,4,1859
23,24,4761
17,18,4548
1,11,2360
22,10,285
13,26,2456
22,5,1479
8,26,1412
13,4,1163
4,26,1394
4,18,3481
11,2,1049
6,13,1235
24,4,3375
9,16,2118
4,9,4812
18,14,483
15,26,3116
3,24,3843
12,17,1798
26,9,3003
23,11,2514
18,9,746
5,6,1405
6,24,3961
9,9,1346
17,18,841
20,17,2209
7,8,3542
7,7,3933
5,22,4155
16,13,4123
20,9,4966
22,10,1734
6,6,1096
23,21,269
21,1,4543
19,11,3265
6,8,821
15,14,3363
6,13,3920
18,8,752
4,2,3137
15,26,410
8,22,1711
7,22,1715
17,10,2828
13,14,4584
13,23,3006
9,16,1171
17,20,598
20,14,3197
8,7,2528
24,24,3674
12,3,94
9,2,3904
12,14,3957
21,7,3487
7,17,4943
15,17,1242
5,4,2028
5,3,1033
17,19,2240
23,26,4047
22,3,4093
13,26,817
20,12,1318
17,26,3014
23,8,1257
18,8,4978
26,12,1527
7,4,369
9,15,600
3,20,2076
10,18,3718
10,14,3163
5,25,3383
20,2,1614
9,14,3859
21,12,2562
20,24,2578
15,26,3059
10,13,3228
20,16,547
6,4,3398
20,14,4195
14,15,35
19,1,2998
1,4,3045
11,5,2377
4,8,3464
25,22,4352
11,23,3025
6,16,2967
12,9,4470
12,3,4155
11,11,2290
6,21,4433
21,1,20
17,24,1843
3,9,4585
4,6,1122
10,16,534
4,19,585
19,25,2623
19,1,4087
8,21,3256
24,23,4390
13,10,1029
12,2,685
24,19,4306
4,2,4928
11,23,1446
1,3,1867
25,23,2029
15,18,2149
23,9,4527
10,14,647
9,5,3875
6,19,4919
1,19,557
25,6,329
20,10,1511
2,14,3083
12,12,3752
13,11,1017
23,11,549
3,19,3496
8,17,2288
5,1,1281
19,24,2364
1,20,2572
11,12,4525
24,9,2283
2,26,3469
9,11,2228
3,18,946
7,21,2603
24,20,2245
1,15,1584
7,22,256
26,5,2977
10,16,864
14,7,4640
24,6,1573
24,1,1017
22,7,1191
4,21,2897
2,24,2274
24,17,2144
3,17,1440
6,18,4164
18,26,2853
10,16,2135
10,25,479
12,10,1026
22,8,852
20,16,2240
26,26,512
26,8,4782
21,9,2115
20,10,2654
1,25,3408
24,24,619
2,24,826
10,26,4939
24,25,40
2,11,4860
12,3,2762
16,17,760
6,23,2723
12,23,1153
16,1,3741
7,26,4022
2,18,2963
23,18,2329
15,22,2320
22,24,3870
6,20,4444
7,25,4271
21,16,1901
2,6,848
12,16,2918
1,18,4010
6,6,2115
10,16,2250
20,18,772
12,5,663
19,12,2486
9,16,999
17,21,2439
5,25,298
8,7,1711
16,15,2107
1,15,3840
14,9,3711
8,15,1731
16,18,1571
24,20,4268
22,25,511
25,13,2057
5,5,550
16,10,30
26,21,3420
14,9,4113
24,24,611
10,7,4495
26,6,4891
1,20,662
19,8,329
11,22,3387
2,5,3065
12,9,1327
12,7,4669
21,4,2349
13,23,952
21,19,3558
14,3,4878
3,12,4276
15,23,2505
9,5,1643
11,20,3569
22,24,474
18,3,670
8,3,4060
9,18,3081
23,14,1565
1,21,2240
13,7,668
3,13,4918
20,9,4661
3,12,4847
12,24,4442
8,16,3241
5,21,394
4,12,2791
26,13,1387
12,2,3755
20,21,4053
12,2,2269
11,17,2779
2,8,4843
1,26,2492
21,8,2365
15,8,1936
19,19,2585
21,21,1242
11,1,1527
15,5,1054
20,9,19
18,2,3400
14,4,2620
7,23,2793
8,17,2055
6,7,4275
20,7,3594
20,19,409
23,8,12
17,11,4667
12,11,3435
26,22,2326
6,6,1534
25,5,1227
13,19,4870
17,23,4063
15,14,667
21,2,120
22,18,650
7,8,1183
11,15,74
6,17,4574
4,11,3312
8,24,401
25,25,3030
2,26,4907
10,14,3043
14,3,4749
17,1,523
23,13,3256
9,1,445
18,20,3569
16,9,2730
18,20,2436
5,18,4970
18,18,77
6,4,149
11,7,103
2,21,976
19,9,715
11,4,2984
15,1,950
25,18,3485
4,10,3105
14,7,4697
1,4,43
9,3,1694
11,8,3440
8,3,1288
4,7,2620
4,12,4173
4,10,3822
9,18,1891
26,18,4724
22,11,1337
8,22,1897
1,13,4080
8,20,4497
10,9,1212
6,13,1738
12,26,3064
23,10,2990
17,21,358
3,17,3576
6,26,2996
23,18,1416
3,23,684
23,21,1358
3,5,2752
16,14,1058
13,25,748
7,11,2257
10,9,2084
15,1,3415
23,1,2016
24,20,1540
24,15,1763
22,11,5
16,8,2287
18,22,2727
20,2,2751
8,11,1107
1,16,3179
12,16,4587
2,3,3059
4,21,2003
17,15,591
24,15,3678
13,2,4436
12,9,1999
12,16,1591
14,17,2955
26,2,810
9,3,1854
20,12,810
6,5,3503
18,16,3542
7,3,3730
18,20,4657
3,21,840
11,24,4578
24,4,4254
5,5,894
3,2,3376
8,22,4114
3,7,3345
4,19,4348
25,23,4670
15,26,4363
18,7,2979
21,23,3443
13,6,3750
26,7,1221
22,20,1501
16,2,1018
19,14,1209
23,2,4833
3,22,2268
6,17,4564
5,21,3339
17,12,264
7,6,4187
5,14,1114
21,23,4719
10,15,3801
20,15,1414
3,7,203
14,3,3063
25,8,2940
2,11,2605
1,5,924
22,13,2844
15,18,1033
7,15,1781
10,19,1876
10,23,1659
11,2,3369
4,16,419
23,5,916
25,1,2457
23,16,926
1,20,4789
21,11,1858
18,6,4791
26,22,4123
26,10,4567
22,14,1777
3,7,2558
11,10,836
1,22,2
11,26,2333
12,6,3694
13,6,2231
3,5,2530
10,19,4951
26,16,4201
22,2,3818
1,21,4847
6,12,2626
4,25,3107
7,16,2627
11,24,3097
24,25,1596
13,21,4227
1,11,4511
16,20,3800
13,22,2828
19,7,1097
23,1,647
12,3,3270
20,10,59
13,16,326
4,11,3812
6,17,2430
1,3,2709
2,11,17
2,2,4597
4,25,3695
26,16,4436
22,24,4355
5,6,855
23,2,1401
11,1,1933
26,16,3625
5,18,227
6,23,3143
21,7,4829
3,14,18
26,4,4115
11,16,3902
19,1,1285
11,6,3385
26,15,4581
25,22,4328
21,23,3441
2,18,3066
26,26,3957
2,22,452
21,17,4824
4,23,2457
4,1,1503
20,12,2534
13,18,1904
20,14,568
11,20,2500
11,19,2054
24,22,671
5,24,3316
18,23,4163
10,12,2468
4,10,3030
5,14,4734
26,7,4928
11,14,2356
26,18,1764
25,12,1637
5,2,1922
25,3,4874
3,18,1234
10,12,1915
14,11,2146
2,16,4100
16,19,950
15,11,4139
4,26,1645
1,22,535
8,23,4710
3,10,272
13,9,3794
2,11,69
22,19,2353
21,5,2974
4,20,2802
9,8,34
6,10,3383
1,8,3923
7,10,4742
6,24,4582
10,25,1273
6,19,3421
26,11,1839
7,26,2829
13,20,2873
4,6,1860
22,2,2738
6,20,4228
6,14,4894
22,11,756
24,26,998
25,4,4215
2,1,4413
21,21,3326
24,5,3863
20,22,4661
7,26,2452
14,7,4062
17,5,1377
21,15,1911
25,19,1646
21,4,3295
5,2,4627
4,25,1256
2,4,1592
4,22,4927
10,26,2765
4,10,4631
2,4,2406
7,18,2260
18,5,1728
19,15,1534
15,2,1491
7,26,4524
6,15,1839
17,16,1418
23,25,210
8,1,1525
2,24,2522
23,6,4946
12,12,1643
26,23,2877
23,18,1704
5,10,3487
2,23,1788
5,25,351
20,6,1365
10,13,357
19,17,3194
10,26,1945
2,10,34
12,4,4197
18,24,2358
9,7,3557
25,5,1058
23,11,1560
24,20,4954
5,22,4709
24,15,123
21,18,1106
11,11,824
13,7,1582
25,26,3318
15,23,1617
17,1,1029
15,24,143
4,9,3794
7,8,3904
18,3,1539
7,6,1696
25,19,943
21,21,3407
7,2,3156
24,8,2144
9,22,430
21,18,398
13,16,566
26,25,108
6,3,3096
26,8,1820
20,6,4153
9,26,547
15,8,3969
17,12,2141
13,20,2110
16,7,650
10,19,518
6,15,2524
25,12,2783
5,26,3117
6,18,650
7,11,468
12,4,940
8,22,4170
21,24,1573
20,7,734
15,22,296
2,22,202
3,7,4569
19,6,3013
8,13,4107
3,8,1338
13,11,2900
21,15,2705
15,15,1631
21,10,1627
12,12,2800
17,9,3849
3,24,2315
22,2,3204
4,25,4569
1,7,2264
8,12,1442
15,14,1147
21,7,4145
8,25,2840
10,18,1469
4,7,3210
4,25,3620
4,1,1549
12,12,3683
19,20,2673
23,22,3037
17,11,2509
2,23,656
16,16,1735
20,15,655
15,4,3073
14,4,2686
13,13,2642
13,1,4439
24,20,2968
1,15,3288
21,17,4905
14,23,77
10,13,2333
11,1,1903
8,6,1564
1,3,2993
24,4,773
18,15,1698
7,8,2430
10,3,380
24,21,4101
26,15,2077
2,4,1365
11,10,1433
2,24,3162
11,14,4339
20,5,176
26,16,2988
24,15,808
11,17,1854
8,14,549
12,24,2506
19,10,4986
10,21,170
16,2,432
7,4,1232
9,23,4437
7,9,986
12,23,1237
12,17,1236
15,18,4950
13,20,605
5,18,1097
1,26,777
14,16,1644
24,1,2042
19,4,2479
24,2,362
25,26,591
16,24,2828
26,4,4392
20,13,1541
17,5,336
20,3,1272
12,11,1263
4,2,995
14,22,3351
20,17,2056
23,13,2986
12,7,2301
22,21,1205
5,23,2820
1,8,3970
10,10,235
19,7,4533
6,5,1614
4,10,521
12,22,2821
9,2,2921
19,8,2905
20,24,1522
9,25,2193
20,20,4478
8,20,4340
17,5,3762
11,4,380
15,20,4716
20,13,4344
8,21,1518
18,6,1938
10,24,1461
3,20,4977
15,6,1764
25,26,575
13,16,1327
4,5,4828
12,20,119
10,20,4597
2,16,2884
10,25,12
2,18,2128
14,15,1539
16,12,477
17,25,2557
22,18,4474
7,9,2934
24,13,4576
24,18,245
18,20,4425
11,7,1169
8,19,2514
3,17,3323
14,23,2145
24,16,4138
17,10,2788
25,9,4124
21,10,4552
8,25,2350
13,13,1641
1,24,1791
26,26,4991
6,21,2408
22,21,847
22,9,4012
22,21,3049
1,4,4680
16,2,2772
9,22,3631
18,1,1037
5,8,4029
17,25,3766
5,1,2701
18,8,3640
4,10,239
1,15,4203
22,16,2506
16,22,3356
12,11,2354
23,1,359
22,16,44
14,20,38
1,21,2306
15,17,3798
26,14,4866
4,6,2391
16,18,2541
22,16,4352
17,10,3556
15,12,2309
19,8,2398
2,14,1108
7,10,2534
8,7,3274
18,10,4888
26,23,3699
9,4,3593
23,26,1505
20,21,91
25,13,2956
17,18,785
23,26,3737
5,20,2497
21,19,1814
10,21,1113
6,4,4551
